<?xml version="1.0" encoding="UTF-8"?>
<project-private xmlns="http://www.netbeans.org/ns/project-private/1">
    <editor-bookmarks xmlns="http://www.netbeans.org/ns/editor-bookmarks/2" lastBookmarkId="0"/>
    <open-files xmlns="http://www.netbeans.org/ns/projectui-open-files/2">
        <group>
            <file>file:/C:/Users/fikri/OneDrive/Dokumen/File%20Kuliah%20Semester%203/PEMVIS/PRAKTIKUM/project/src/project/Koneksi.java</file>
            <file>file:/C:/Users/fikri/OneDrive/Dokumen/File%20Kuliah%20Semester%203/PEMVIS/PRAKTIKUM/project/src/project/PengenalanBahasaUser.java</file>
            <file>file:/C:/Users/fikri/OneDrive/Dokumen/File%20Kuliah%20Semester%203/PEMVIS/PRAKTIKUM/project/src/project/MainPageAdmin.java</file>
            <file>file:/C:/Users/fikri/OneDrive/Dokumen/File%20Kuliah%20Semester%203/PEMVIS/PRAKTIKUM/project/src/project/Icon%20Hapus.png</file>
            <file>file:/C:/Users/fikri/OneDrive/Dokumen/File%20Kuliah%20Semester%203/PEMVIS/PRAKTIKUM/project/src/project/MainPageUser.java</file>
            <file>file:/C:/Users/fikri/OneDrive/Dokumen/File%20Kuliah%20Semester%203/PEMVIS/PRAKTIKUM/project/src/project/InformasiBudayaUser.java</file>
            <file>file:/C:/Users/fikri/OneDrive/Dokumen/File%20Kuliah%20Semester%203/PEMVIS/PRAKTIKUM/project/src/project/RegisterForm.java</file>
            <file>file:/C:/Users/fikri/OneDrive/Dokumen/File%20Kuliah%20Semester%203/PEMVIS/PRAKTIKUM/project/src/project/TebakBudayaUser.java</file>
            <file>file:/C:/Users/fikri/OneDrive/Dokumen/File%20Kuliah%20Semester%203/PEMVIS/PRAKTIKUM/project/src/project/TebakBudayaAdmin.java</file>
            <file>file:/C:/Users/fikri/OneDrive/Dokumen/File%20Kuliah%20Semester%203/PEMVIS/PRAKTIKUM/project/src/project/PengenalanBahasaAdmin.java</file>
            <file>file:/C:/Users/fikri/OneDrive/Dokumen/File%20Kuliah%20Semester%203/PEMVIS/PRAKTIKUM/project/src/project/LoginForm.java</file>
            <file>file:/C:/Users/fikri/OneDrive/Dokumen/File%20Kuliah%20Semester%203/PEMVIS/PRAKTIKUM/project/src/project/TabbedPaneCustom.java</file>
            <file>file:/C:/Users/fikri/OneDrive/Dokumen/File%20Kuliah%20Semester%203/PEMVIS/PRAKTIKUM/project/src/project/InformasiBudaya.java</file>
        </group>
    </open-files>
</project-private>
